<?xml version="1.0" encoding="utf-8" ?>
<tincan xmlns="http://projecttincan.com/tincan.xsd">
    <activities>
        <activity id="http://www.taolin.co.uk/program/ilead/course/how-to-manage-change/learning-object/leadership-journal" type="http://adlnet.gov/expapi/activities/course">
            <name>My Leadership Journal</name>
            <description lang="en-US">My Leadership Journal</description>
            <launch lang="en-us">index.html</launch>
        </activity>
    </activities>
</tincan>
